World,Location,Action,AP Location Name,AP Location ID,Item
???,???,???,,,Dodge Roll
???,???,???,,,Treasure Magnet (Donald)
???,???,???,,,Second Wind (Goofy)
???,???,???,,,High Jump
???,???,???,,,Potion
???,???,???,,,Potion
???,???,???,,,Potion
???,???,???,,,Potion
???,???,???,,,Potion
???,???,???,,,Potion
???,???,???,,,Potion
???,???,???,,,Megalixir
???,???,???,,,Megalixir
???,???,???,,,Dark Matter
100 Acre Wood,100 Acre Wood,Convert Torn Page 3,100 Acre Wood Convert Torn Page 3,2656353,Stop
100 Acre Wood,100 Acre Wood,Convert Torn Page 1,100 Acre Wood Convert Torn Page 1,2656351,Naturespark
100 Acre Wood,100 Acre Wood,Convert Torn Page 2,100 Acre Wood Convert Torn Page 2,2656352,Mythril Shard
100 Acre Wood,100 Acre Wood,Convert Torn Page 4,100 Acre Wood Convert Torn Page 4,2656354,Mythril
100 Acre Wood,100 Acre Wood,Convert Torn Page 5,100 Acre Wood Convert Torn Page 5,2656355,EXP Ring
100 Acre Wood,Bouncing Spot,Inside Tree,100 Acre Wood Bouncing Spot Fall Through Top of Tree Next to Pooh,2656360,Shield2-G
100 Acre Wood,Bouncing Spot,Inside Log,100 Acre Wood Bouncing Spot Break Log,2656359,Mythril
100 Acre Wood,Bouncing Spot,Return Rare Nut 1,100 Acre Wood Bouncing Spot Turn in Rare Nut 1,2656345,Power Up
100 Acre Wood,Bouncing Spot,Return Rare Nut 2,100 Acre Wood Bouncing Spot Turn in Rare Nut 2,2656349,Defense Up
100 Acre Wood,Bouncing Spot,Return Rare Nut 3,100 Acre Wood Bouncing Spot Turn in Rare Nut 3,2656347,Mythril Shard
100 Acre Wood,Bouncing Spot,Return Rare Nut 4,100 Acre Wood Bouncing Spot Turn in Rare Nut 4,2656346,AP Up
100 Acre Wood,Bouncing Spot,Return Rare Nut 5,100 Acre Wood Bouncing Spot Turn in Rare Nut 5,2656348,Orichalcum
100 Acre Wood,Bouncing Spot,Chest,100 Acre Wood Bouncing Spot Left Cliff Chest,2651691,Mythril Shard
100 Acre Wood,Bouncing Spot,Chest,100 Acre Wood Bouncing Spot Right Tree Alcove Chest,2651692,Dark Matter
100 Acre Wood,Bouncing Spot,Chest,100 Acre Wood Bouncing Spot Under Giant Pot Chest,2651693,AP Up
100 Acre Wood,Bouncing Spot,Chest,100 Acre Wood Bouncing Spot Left Cliff Chest,2651691,Mythril Shard
100 Acre Wood,Bouncing Spot,Chest,100 Acre Wood Bouncing Spot Right Tree Alcove Chest,2651692,Dark Matter
100 Acre Wood,Bouncing Spt,Chest,100 Acre Wood Bouncing Spot Under Giant Pot Chest,2651693,AP Up
100 Acre Wood,Pooh's House,Strike Chimney,100 Acre Wood Pooh's Room Chimney,2656358,Mega-Ether
100 Acre Wood,Pooh's House,In Cabinet,100 Acre Wood Pooh's Room Cabinet,2656357,Elixir
100 Acre Wood,Pooh's House,Start Fire,100 Acre Wood Pooh's House Start Fire,2656356,Mythril
100 Acre Wood,Pooh's House,All Minigames Clear,100 Acre Wood Pooh's House Owl Cheer,2656350,Cheer (Sora)
100 Acre Wood,Wood: Meadow,Chest,100 Acre Wood Meadow Inside Log Chest,2651654,Mythril Shard
Agrabah,Agrabah,Defeat Pot Centipede,Agrabah Defeat Pot Centipede Ray of Light Event,2656051,Ray of Light
Agrabah,Agrabah: Alley,Chest,Agrabah Alley Chest,2652011,Mega-Potion
Agrabah,Agrabah: Bazaar,Chest,Agrabah Bazaar Across Windows Chest,2652012,Gummi
Agrabah,Agrabah: Bazaar,Chest,Agrabah Bazaar High Corner Chest,2652013,Fire Ring
Agrabah,Agrabah: Plaza,Chest,Agrabah Plaza By Storage Chest,2651972,Mega-Potion
Agrabah,Agrabah: Plaza,Chest,Agrabah Plaza Raised Terrace Chest,2651973,Mega-Ether
Agrabah,Agrabah: Plaza,Chest,Agrabah Plaza Top Corner Chest,2651974,Cottage
Agrabah,Agrabah: Storage,Chest,Agrabah Storage Green Trinity Chest,2652092,AP Up
Agrabah,Agrabah: Storage,Chest,Agrabah Storage Behind Barrel Chest,2652093,Mega-Potion
Agrabah,Aladdin's House,Defeat Genie Jafar,Agrabah Seal Keyhole Genie Event,2656054,Genie
Agrabah,Aladdin's House,Defeat Genie Jafar,Agrabah Seal Keyhole Green Trinity Event,2656056,Green Trinity
Agrabah,Aladdin's House,Chest,Agrabah Aladdin's House Main Street Entrance Chest,2652294,Gummi
Agrabah,Aladdin's House,Chest,Agrabah Aladdin's House Plaza Entrance Chest,2652331,Megalixir
Agrabah,Aladdin's House,Seal Keyhole,Agrabah Seal Keyhole Three Wishes Event,2656055,Three Wishes
Agrabah,Bazaar,Blue Trinity,Agrabah Bazaar Blue Trinity,2656605,
Agrabah,Bazaar,Chest,Agrabah Bazaar High Corner Chest,2652013,Fire Ring
Agrabah,Bottomless Hall,Chest,Agrabah Cave of Wonders Bottomless Hall Raised Platform Chest,2652134,Cottage
Agrabah,Bottomless Hall,Chest,Agrabah Cave of Wonders Bottomless Hall Pillar Chest,2652171,Elixir
Agrabah,Bottomless Hall,Chest,Agrabah Cave of Wonders Bottomless Hall Across Chasm Chest,2652172,Mega-Potion
Agrabah,Bottomless Hall,Chest,Agrabah Cave of Wonders Bottomless Hall Pillar Chest,2652171,Elixir
Agrabah,Bottomless Hall,Chest,Agrabah Cave of Wonders Bottomless Hall Across Chasm Chest,2652172,Mega-Potion
Agrabah,Cave: Entrance,Chest,Agrabah Cave of Wonders Entrance Left Chest,2652094,Mega-Ether
Agrabah,Cave: Entrance,Chest,Agrabah Cave of Wonders Entrance Tall Tower Chest,2652131,Puppies
Agrabah,Cave: Entrance,Chest,Agrabah Cave of Wonders Entrance White Trinity Chest,2652332,Ifrit Belt
Agrabah,Cave: Hall,Chest,Agrabah Cave of Wonders Hall High Left Chest,2652132,Elixir
Agrabah,Cave: Hall,Chest,Agrabah Cave of Wonders Hall Near Bottomless Hall Chest,2652133,Mythril Shard
Agrabah,Cave:Core,Defeat Genie Jafar,Agrabah Defeat Jafar Genie Fire Event,2656053,Fire
Agrabah,Cave:Core,Defeat Genie Jafar,Agrabah Defeat Jafar Genie Ansem's Report 1,2657018,Ansem's Report 1
Agrabah,Dark Chamber,Chest,Agrabah Cave of Wonders Dark Chamber Abu Gem Chest,2652251,Protera Chain
Agrabah,Dark Chamber,Chest,Agrabah Cave of Wonders Dark Chamber Across from Relic Chamber Entrance Chest,2652252,Gummi
Agrabah,Dark Chamber,Chest,Agrabah Cave of Wonders Dark Chamber Bridge Chest,2652253,Torn Page 3
Agrabah,Dark Chamber,Chest,Agrabah Cave of Wonders Dark Chamber Near Save Chest,2652254,Cottage
Agrabah,Dark Chamber,Chest,Agrabah Cave of Wonders Dark Chamber Abu Gem Chest,2652251,Protera Chain
Agrabah,Desert,Defeat Kurt Zisa,Agrabah Defeat Kurt Zisa Ansem's Report 11,2657026,Ansem's Report 11
Agrabah,Desert,Defeat Kurt Zisa,Agrabah Defeat Kurt Zisa Zantetsuken Event,2656378,Zantetsuken
Agrabah,Entrance,Chest,Agrabah Cave of Wonders Entrance White Trinity Chest,2652332,Ifrit Belt
Agrabah,Hidden Room,Chest,Agrabah Cave of Wonders Hidden Room Right Chest,2652292,Gummi
Agrabah,Hidden Room,Chest,Agrabah Cave of Wonders Hidden Room Left Chest,2652293,Puppies
Agrabah,Lamp Chamber,Defeat Jafar,Agrabah Defeat Jafar Blizzard Event,2656052,Blizzard
Agrabah,Main Street,Chest,Agrabah Main Street Right Palace Entrance Chest,2652014,Mega-Ether
Agrabah,Main Street,Chest,Agrabah Main Street High Above Alley Entrance Chest,2652051,Dark Matter
Agrabah,Main Street,Chest,Agrabah Main Street High Above Palace Gates Entrance Chest,2652052,Mythril
Agrabah,Main Street,Chest,Agrabah Main Street High Above Palace Gates Entrance Chest,2652052,Mythril
Agrabah,Main Street,Chest,Agrabah Main Street High Above Alley Entrance Chest,2652051,Dark Matter
Agrabah,Palace Gates,Chest,Agrabah Palace Gates Low Chest,2652053,Protera Chain
Agrabah,Palace Gates,Chest,Agrabah Palace Gates High Opposite Palace Chest,2652054,Puppies
Agrabah,Palace Gates,Chest,Agrabah Palace Gates High Close to Palace Chest,2652091,Gummi
Agrabah,Palace Gates,Chest,Agrabah Palace Gates Low Chest,2652053,Protera Chain
Agrabah,Plaza,Chest,Agrabah Plaza Top Corner Chest,2651974,Cottage
Agrabah,Relic Chamber,Chest,Agrabah Cave of Wonders Relic Chamber Jump from Stairs Chest,2652213,Mythril
Agrabah,Relic Chamber,Chest,Agrabah Cave of Wonders Relic Chamber Stairs Chest,2652214,Thunder Ring
Agrabah,Relic Chamber,Chest,Agrabah Cave of Wonders Relic Chamber Stairs Chest,2652214,Thunder Ring
Agrabah,Silent Chamber,Chest,Agrabah Cave of Wonders Silent Chamber Blue Trinity Chest,2652291,Gummi
Agrabah,Storage,Chest,Agrabah Storage Green Trinity Chest,2652092,AP Up
Agrabah,Treasure Room,Red Trinity,Agrabah Treasure Room Red Trinity,2656611,
Agrabah,Treasure Room,Chest,Agrabah Cave of Wonders Treasure Room Across Platforms Chest,2652173,Puppies
Agrabah,Treasure Room,Chest,Agrabah Cave of Wonders Treasure Room Small Treasure Pile Chest,2652174,Mythril Shard
Agrabah,Treasure Room,Chest,Agrabah Cave of Wonders Treasure Room Large Treasure Pile Chest,2652211,Gummi
Agrabah,Treasure Room,Chest,Agrabah Cave of Wonders Treasure Room Above Fire Chest,2652212,Defense Up
Atlantica,Ariel's Grotto,Chest,Atlantica Ariel's Grotto Low Chest,2652572,Mega-Potion
Atlantica,Ariel's Grotto,Chest,Atlantica Ariel's Grotto Middle Chest,2652571,Cottage
Atlantica,Ariel's Grotto,Chest,Atlantica Ariel's Grotto High Chest,2652534,Torn Page 1
Atlantica,Ariel's Grotto,Seal Keyhole,Atlantica Seal Keyhole Crabclaw Event,2656073,Crabclaw
Atlantica,Below Deck,Chest,Atlantica Sunken Ship Crystal Trident Event,2656381,Crystal Trident
Atlantica,Below Deck,Chest,Atlantica Sunken Ship Inside Ship Chest,2652533,Mythril Shard
Atlantica,Below Deck,Clam,Atlantica Below Deck Clam,2656214,Mythril
Atlantica,Cavern Nook,Clam,Atlantica Cavern Nook Clam,2656213,Mega-Ether
Atlantica,Sunken Ship,Chest,Atlantica Sunken Ship Seabed Chest,2652532,Mythril Shard
Atlantica,Sunken Ship,Chest,Atlantica Sunken Ship In Flipped Boat Chest,2652531,Elixir
Atlantica,Triton's Palace,Clam,Atlantica Triton's Palace Wall Right Clam,2656210,Mega-Ether
Atlantica,Triton's Palace,Clam,Atlantica Triton's Palace Wall Left Clam,2656212,Cottage
Atlantica,Triton's Palace,Clam,Atlantica Triton's Palace Near Path Clam,2656211,Elixir
Atlantica,Triton's Palace,Thunder Clam,Atlantica Triton's Palace Thunder Clam,2656209,Mythril Shard
Atlantica,Triton's Palace,White Trinity,Atlantica Triton's Palace White Trinity Chest,2652611,Orichalcum
Atlantica,Triton's Throne,Defeat Ursula 2,Atlantica Defeat Ursula II Thunder Event,2656072,Thunder
Atlantica,Triton's Throne,Defeat Ursula 2,Atlantica Defeat Ursula II Thunder Event,2657016,Ansem's Report 3
Atlantica,Undersea Cave,Clam,Atlantica Undersea Cave Clam,2656216,Cottage
Atlantica,Undersea Garden,Clam,Atlantica Undersea Garden Clam,2656215,Mega-Potion
Atlantica,Undersea Gorge,Blizzard Clam,Atlantica Undersea Gorge Blizzard Clam,2656201,Mythril Shard
Atlantica,Undersea Gorge,Clam,Atlantica Undersea Gorge Ocean Floor Clam,2656202,Mega-Ether
Atlantica,Undersea Gorge,Lodged Chest,Atlantica Undersea Gorge Jammed by Ariel's Grotto Chest,2652574,Orichalcum
Atlantica,Undersea Valley,Clam,Atlantica Undersea Valley Pillar Clam,2656207,Elixir
Atlantica,Undersea Valley,Fire Clam,Atlantica Undersea Valley Fire Clam,2656205,Mythril Shard
Atlantica,Undersea Valley,Clam,Atlantica Undersea Valley Higher Cave Clam,2656203,Mega-Ether
Atlantica,Undersea Valley,Clam,Atlantica Undersea Valley Ocean Floor Clam,2656208,Mega-Potion
Atlantica,Undersea Valley,Clam,Atlantica Undersea Valley Lower Cave Clam,2656204,Mythril
Atlantica,Undersea Valley,Clam,Atlantica Undersea Valley Wall Clam,2656206,Cottage
Atlantica,Ursula's Lair,Urchin Chest,Atlantica Ursula's Lair Use Fire on Urchin Chest,2652573,Mythril
Atlantica,Ursula's Lair,Defeat Ursula 1,Atlantica Defeat Ursula I Mermaid Kick Event,2656071,Mermaid Kick
Deep Jungle,Bamboo Thicket,Rescue Gorillas,Deep Jungle Bamboo Thicket Save Gorillas,2656367,Fire-G
Deep Jungle,Bamboo Thicket,Defeat Sabor,Deep Jungle Defeat Sabor White Fang Event,2656021,White Fang
Deep Jungle,Camp,Rescue Gorillas,Deep Jungle Camp Save Gorillas,2656366,Protect-G
Deep Jungle,Camp,Fire Experiment,Deep Jungle Camp Hi-Potion Experiment,2656361,Hi-Potion
Deep Jungle,Camp,Blizzard Experiment,Deep Jungle Camp Ether Experiment,2656362,Ether
Deep Jungle,Camp,Replication Experiment,Deep Jungle Camp Replication Experiment,2656363,Ether
Deep Jungle,Camp,Chest,Deep Jungle Camp Blue Trinity Chest,2651333,Puppies
Deep Jungle,Camp: Tent,Chest,Deep Jungle Tent Chest,2651334,Mythril Shard
Deep Jungle,Cavern of Hearts,Seal Keyhole,Deep Jungle Cavern of Hearts Navi-G Piece Event,2656384,Navi-G Piece
Deep Jungle,Cavern of Hearts,Chest,Deep Jungle Cavern of Hearts White Trinity Chest,2651332,Orichalcum
Deep Jungle,Cavern of Hearts,Chest,Deep Jungle Cavern of Hearts White Trinity Chest,2651332,Orichalcum
Deep Jungle,Cliff,Rescue Gorillas,Deep Jungle Cliff Save Gorillas,2656364,Aeroga-G
Deep Jungle,Cliff,Defeat Clayton,Deep Jungle Defeat Clayton Cure Event,2656022,Cure
Deep Jungle,Cliff,Chest,Deep Jungle Cliff Right Cliff Left Chest,2651411,Mega-Potion
Deep Jungle,Cliff,Chest,Deep Jungle Cliff Right Cliff Right Chest,2651412,Mythril Shard
Deep Jungle,Climbing Trees,Rescue Gorillas,Deep Jungle Climbing Trees Save Gorillas,2656368,Aeroga-G
Deep Jungle,Climbing Trees,Chest,Deep Jungle Climbing Trees Blue Trinity Chest,2651293,Gummi
Deep Jungle,Green Serpent,Gather 10 Fruits,Deep Jungle Jungle Slider 10 Fruits,2656370,Elixir
Deep Jungle,Hippos' Lagoon,Chest,Deep Jungle Hippo's Lagoon Center Chest,2651251,Puppies
Deep Jungle,Hippos' Lagoon,Chest,Deep Jungle Hippo's Lagoon Left Chest,2651252,Mega-Potion
Deep Jungle,Hippos' Lagoon,Chest,Deep Jungle Hippo's Lagoon Right Chest,2651253,Gummi
Deep Jungle,Jade Spiral,Gather 30 Fruits,Deep Jungle Jungle Slider 30 Fruits,2656372,Dark Matter
Deep Jungle,Jungle: Cliff,Chest,Deep Jungle Cliff Right Cliff Left Chest,2651411,Mega-Potion
Deep Jungle,Jungle: Cliff,Chest,Deep Jungle Cliff Right Cliff Right Chest,2651412,Mythril Shard
Deep Jungle,Jungle: Tunnel,Chest,Deep Jungle Tunnel Chest,2651331,Mega-Ether
Deep Jungle,Jungle: Vines,Chest,Deep Jungle Vines Chest,2651291,Mythril
Deep Jungle,Jungle: Vines 2,Chest,Deep Jungle Vines 2 Chest,2651292,Puppies
Deep Jungle,Panic Fall,Gather 40 Fruits,Deep Jungle Jungle Slider 40 Fruits,2656373,Defense Up
Deep Jungle,Shadow Cavern,Gather 50 Fruits,Deep Jungle Jungle Slider 50 Fruits,2656374,Power Up
Deep Jungle,Splash Tunnel,Gather 20 Fruits,Deep Jungle Jungle Slider 20 Fruits,2656371,AP Up
Deep Jungle,Tent,Seal Keyhole,Deep Jungle Seal Keyhole Red Trinity Event,2656024,Red Trinity
Deep Jungle,Tent,Reunite with Donald and Goofy,Deep Jungle Tent Protect-G Event,2656383,Protect-G
Deep Jungle,Tent,Seal Keyhole,Deep Jungle Seal Keyhole Jungle King Event,2656023,Jungle King
Deep Jungle,Tree House,Rescue Gorillas,Deep Jungle Tree House Save Gorillas,2656365,Shell-G
Deep Jungle,Tree House,Chest,Deep Jungle Tree House Beneath Tree House Chest,2651213,Mega-Potion
Deep Jungle,Tree House,Chest,Deep Jungle Tree House Rooftop Chest,2651214,Protect Chain
Deep Jungle,Tree House,Chest,Deep Jungle Tree House Suspended Boat Chest,2651413,Mythril
Deep Jungle,Treehouse,Chest,Deep Jungle Tree House Beneath Tree House Chest,2651213,Mega-Potion
Deep Jungle,Treehouse,Chest,Deep Jungle Tree House Rooftop Chest,2651214,Protect Chain
Deep Jungle,Treehouse,Chest,Deep Jungle Tree House Suspended Boat Chest,2651413,Mythril
Deep Jungle,Treetop,Green Trinity,Deep Jungle Treetop Green Trinity,2656610,
Deep Jungle,Waterfall Cavern,Chest,Deep Jungle Waterfall Cavern Low Chest,2651371,Mythril Shard
Deep Jungle,Waterfall Cavern,Chest,Deep Jungle Waterfall Cavern Middle Chest,2651372,Puppies
Deep Jungle,Waterfall Cavern,Chest,Deep Jungle Waterfall Cavern High Wall Chest,2651373,Mythril
Deep Jungle,Waterfall Cavern,Chest,Deep Jungle Waterfall Cavern High Middle Chest,2651374,Orichalcum
Destiny Islands,Cove,Win Race Against Riku (Day 2),,,Pretty Stone
Destiny Islands,Cove,Gather Mushroom Near Zip Line (Day 2),Destiny Islands Cove Gather Mushroom Near Zip Line (Day 2),2656712,Mushroom
Destiny Islands,Cove,Gather Mushroom in Small Cave (Day 2),Destiny Islands Cove Gather Mushroom in Small Cave (Day 2),2656713,Mushroom
Destiny Islands,Cove,Talk to Kairi (Day 2),Destiny Islands Cove Talk to Kairi (Day 2),2656714,Empty Bottle
Destiny Islands,Cove,Gather Drinking Water (Day 2),Destiny Islands Gather Drinking Water (Day 2),2656715,Drinking Water
Destiny Islands,Cove,Gather Coconut (Day 2),,,Coconut
Destiny Islands,Cove,Kairi Reward (Day 2),Destiny Islands Cove Deliver Kairi Items (Day 2),2656716,Hi-Potion
Destiny Islands,Cove,Chest,Destiny Islands Chest,2650011,Protect Chain
Destiny Islands,Cove,Chest,Destiny Islands Chest,2650011,Protect Chain
Destiny Islands,Seashore,Log on Riku's Island (Day 1),Destiny Islands Seashore Log on Riku's Island (Day 1),2656704,Log
Destiny Islands,Seashore,Log Under Bridge (Day 1),Destiny Islands Seashore Log under Bridge (Day 1),2656705,Log
Destiny Islands,Seashore,Gather Cloth (Day 1),Destiny Islands Seashore Gather Cloth (Day 1),2656706,Cloth
Destiny Islands,Seashore,Gather Coconut (Day 1),,,Coconut
Destiny Islands,Seashore,Gather Rope (Day 1),Destiny Islands Seashore Gather Rope (Day 1),2656707,Rope
Destiny Islands,Seashore,Defeat Riku (Day 1),,,Potion
Destiny Islands,Seashore,Defeat Trio (Day 1),,,Potion
Destiny Islands,Seashore,Brings Items to Kairi (Day 1),Destiny Islands Seashore Deliver Kairi Items (Day 1),2656710,Hi-Potion
Destiny Islands,Seashore,Capture Fish 3 (Day 2),Destiny Islands Seashore Capture Fish 3 (Day 2),2656702,Fish
Destiny Islands,Seashore,Capture Fish 1 (Day 2),Destiny Islands Seashore Capture Fish 1 (Day 2),2656700,Fish
Destiny Islands,Seashore,Capture Fish 2 (Day 2),Destiny Islands Seashore Capture Fish 2 (Day 2),2656701,Fish
Destiny Islands,Seashore,Gather Seagull Egg (Day 2),Destiny Islands Seashore Gather Seagull Egg (Day 2),2656703,Seagull Egg
Destiny Islands,Seashore,Gather Coconut (Day 2),,,Coconut
Destiny Islands,Seashore,Gather Coconuts (Day 2),,,Coconut
Destiny Islands,Seashore,Gather Drinking Water (Day 2),Destiny Islands Gather Drinking Water (Day 2),2656715,Drinking Water
Destiny Islands,Secret Place,Gather Mushroom (Day 2),Destiny Islands Secret Place Gather Mushroom,2656711,Mushroom
End of the World,Final Dimension,Chest,End of the World Final Dimension 1st Chest,2654531,Mythril Shard
End of the World,Final Dimension,Chest,End of the World Final Dimension 2nd Chest,2654532,Pretty Stone
End of the World,Final Dimension,Chest,End of the World Final Dimension 3rd Chest,2654533,Mega-Potion
End of the World,Final Dimension,Chest,End of the World Final Dimension 4th Chest,2654534,Mythril
End of the World,Final Dimension,Chest,End of the World Final Dimension 5th Chest,2654571,Elixir
End of the World,Final Dimension,Chest,End of the World Final Dimension 6th Chest,2654572,Mythril Shard
End of the World,Final Dimension,Chest,End of the World Final Dimension 10th Chest,2654573,Pretty Stone
End of the World,Final Dimension,Chest,End of the World Final Dimension 9th Chest,2654574,Cottage
End of the World,Final Dimension,Chest,End of the World Final Dimension 8th Chest,2654611,Gale
End of the World,Final Dimension,Chest,End of the World Final Dimension 7th Chest,2654612,AP Up
End of the World,Final Dimension,Chest,End of the World Final Dimension 1st Chest,2654531,Mythril Shard
End of the World,Final Dimension,Chest,End of the World Final Dimension 2nd Chest,2654532,Pretty Stone
End of the World,Final Dimension,Chest,End of the World Final Dimension 3rd Chest,2654533,Mega-Potion
End of the World,Final Dimension,Chest,End of the World Final Dimension 4th Chest,2654534,Mythril
End of the World,Final Dimension,Chest,End of the World Final Dimension 5th Chest,2654571,Elixir
End of the World,Final Dimension,Chest,End of the World Final Dimension 6th Chest,2654572,Mythril Shard
End of the World,Final Dimension,Chest,End of the World Final Dimension 10th Chest,2654573,Pretty Stone
End of the World,Final Dimension,Chest,End of the World Final Dimension 9th Chest,2654574,Cottage
End of the World,Final Dimension,Chest,End of the World Final Dimension 8th Chest,2654611,Gale
End of the World,Final Dimension,Chest,End of the World Final Dimension 7th Chest,2654612,AP Up
End of the World,Final Rest,Chest,End of the World Final Rest Chest,2654772,Megalixir
End of the World,Giant Crevasse,Chest,End of the World Giant Crevasse 3rd Chest,2654613,Gummi
End of the World,Giant Crevasse,Chest,End of the World Giant Crevasse 5th Chest,2654614,Meteor Strike
End of the World,Giant Crevasse,Chest,End of the World Giant Crevasse 1st Chest,2654651,Gummi
End of the World,Giant Crevasse,Chest,End of the World Giant Crevasse 4th Chest,2654652,Dark Matter
End of the World,Giant Crevasse,Chest,End of the World Giant Crevasse 2nd Chest,2654653,Gummi
End of the World,Giant Crevasse,Chest,End of the World Giant Crevasse 4th Chest,2654652,Dark Matter
End of the World,Giant Crevasse,Chest,End of the World Giant Crevasse 5th Chest,2654614,Meteor Strike
End of the World,Volcanic Crater,Defeat Chernabog,End of the World Defeat Chernabog Superglide Event,2656111,Super Glide
End of the World,World Terminus: 100 Acre Wood,Chest,End of the World World Terminus 100 Acre Wood Chest,2654734,Megalixir
End of the World,World Terminus: Agrabah,Chest,End of the World World Terminus Agrabah Chest,2654694,Blaze Gem
End of the World,World Terminus: Agrabah,Chest,End of the World World Terminus Agrabah Chest,2654694,Blaze Gem
End of the World,World Terminus: Atlantica,Chest,End of the World World Terminus Atlantica Chest,2654731,AP Up
End of the World,World Terminus: Atlantica,Chest,End of the World World Terminus Atlantica Chest,2654731,AP Up
End of the World,World Terminus: Deep Jungle,Chest,End of the World World Terminus Deep Jungle Chest,2654693,Bright Gem
End of the World,World Terminus: Deep Jungle,Chest,End of the World World Terminus Deep Jungle Chest,2654693,Bright Gem
End of the World,World Terminus: Halloween Town,Chest,End of the World World Terminus Halloween Town Chest,2654732,Lucid Gem
End of the World,World Terminus: Halloween Town,Chest,End of the World World Terminus Halloween Town Chest,2654732,Lucid Gem
End of the World,World Terminus: Hollow Bastion,Chest,End of the World World Terminus Hollow Bastion Chest,2654771,Elixir
End of the World,World Terminus: Hollow Bastion,Chest,End of the World World Terminus Hollow Bastion Chest,2654771,Elixir
End of the World,World Terminus: Neverland,Chest,End of the World World Terminus Neverland Chest,2654733,Mighty Shield
End of the World,World Terminus: Neverland,Chest,End of the World World Terminus Neverland Chest,2654733,Mighty Shield
End of the World,World Terminus: Olympus Coliseum,Chest,End of the World World Terminus Olympus Coliseum Chest,2654692,Frost Gem
End of the World,World Terminus: Olympus Coliseum,Chest,End of the World World Terminus Olympus Coliseum Chest,2654692,Frost Gem
End of the World,World Terminus: Traverse Town,Chest,End of the World World Terminus Traverse Town Chest,2654654,Spirit Gem
End of the World,World Terminus: Traverse Town,Chest,End of the World World Terminus Traverse Town Chest,2654654,Spirit Gem
End of the World,World Terminus: Wonderland,Chest,End of the World World Terminus Wonderland Chest,2654691,Thunder Gem
End of the World,World Terminus: Wonderland,Chest,End of the World World Terminus Wonderland Chest,2654691,Thunder Gem
Halloween Town,Boneyard,Chest,Halloween Town Boneyard Tombstone Puzzle Chest,2653052,Jack-In-The-Box
Halloween Town,Bridge,Chest,Halloween Town Bridge Under Bridge,2653051,Gummi
Halloween Town,Bridge,Chest,Halloween Town Bridge Right of Gate Chest,2653053,Defense Up
Halloween Town,Bridge,Chest,Halloween Town Bridge Left of Gate Chest,2653291,Gummi
Halloween Town,Cemetery,Chest,Halloween Town Cemetery Behind Grave Chest,2653054,Dark Matter
Halloween Town,Cemetery,Chest,Halloween Town Cemetery By Cat Shape Chest,2653091,Puppies
Halloween Town,Cemetery,Chest,Halloween Town Cemetery Between Graves Chest,2653092,Gummi
Halloween Town,Cemetery,Chest,Halloween Town Cemetery By Striped Grave Chest,2653292,Gummi
Halloween Town,Graveyard,Defeat All Heartless,Halloween Town Graveyard Forget-Me-Not Event,2656382,Forget-Me-Not
Halloween Town,Guillotine Square,Ring Jack's Doorbell 3 Times,Halloween Town Guillotine Square Ring Jack's Doorbell 3 Times,2656331,Elixir
Halloween Town,Guillotine Square,Chest,Halloween Town Guillotine Square High Tower Chest,2653133,Power Up
Halloween Town,Guillotine Square,Chest,Halloween Town Guillotine Square Pumpkin Structure Left Chest,2653134,Elixir
Halloween Town,Guillotine Square,Chest,Halloween Town Guillotine Square Under Jack's House Stairs Chest,2653293,Gummi
Halloween Town,Guillotine Square,Chest,Halloween Town Guillotine Square Pumpkin Structure Right Chest,2653294,Puppies
Halloween Town,Moonlight Hill,Chest,Halloween Town Moonlight Hill White Trinity Chest,2653014,Puppies
Halloween Town,Oogie Manor/Manor Ruins,Chest,Halloween Town Oogie's Manor Lower Iron Cage Chest,2653093,Orichalcum
Halloween Town,Oogie Manor/Manor Ruins,Chest,Halloween Town Oogie's Manor Upper Iron Cage Chest,2653094,Mega-Ether
Halloween Town,Oogie Manor/Manor Ruins,Chest,Halloween Town Oogie's Manor Hollow Chest,2653131,Puppies
Halloween Town,Oogie Manor/Manor Ruins,Chest,Halloween Town Oogie's Manor Grounds Red Trinity Chest,2653132,Mythril Shard
Halloween Town,Oogie Manor/Manor Ruins,Chest,Halloween Town Oogie's Manor Entrance Steps Chest,2653171,Ether
Halloween Town,Oogie Manor/Manor Ruins,Chest,Halloween Town Oogie's Manor Inside Entrance Chest,2653172,Ether
Halloween Town,Oogie Manor/Manor Ruins,Chest,Halloween Town Oogie's Manor Lower Iron Cage Chest,2653093,Orichalcum
Halloween Town,Research Lab,Examine Shelf,Halloween Town Lab Torn Page,2656508,Torn Page 4
Halloween Town,Research Lab,Seal Keyhole,Halloween Town Seal Keyhole Pumpkinhead Event,2656083,Pumpkinhead
Halloween Town,Torture Chamber,Defeat Oogie Boogie 1,Halloween Town Defeat Oogie Boogie Ansem's Report 7,2657012,Ansem's Report 7
Halloween Town,Torture Chamber,Defeat Oogie Boogie 2,Halloween Town Defeat Oogie's Manor Gravity Event,2656082,Gravity
Halloween Town,Torture Chamber,Defeat Oogie Boogie,Halloween Town Defeat Oogie Boogie Holy Circlet Event,2656081,Holy Circlet
Hollow Bastion,Base Level,Chest,Hollow Bastion Base Level Bubble Under the Wall Platform Chest,2654331,Mythril
Hollow Bastion,Base Level,Chest,Hollow Bastion Base Level Platform Near Entrance Chest,2654332,Gummi
Hollow Bastion,Base Level,Chest,Hollow Bastion Base Level Near Crystal Switch Chest,2654333,Gummi
Hollow Bastion,Castle Chapel,Defeat Maleficent 1,Hollow Bastion Defeat Maleficent Ansem's Report 5,2657014,Ansem's Report 5
Hollow Bastion,Castle Chapel,Speak to Princesses,Hollow Bastion Speak to Princesses Fire Event,2656106,Fire
Hollow Bastion,Castle Chapel,Defeat Unknown,Hollow Bastion Defeat Unknown Ansem's Report 13,2657024,Ansem's Report 13
Hollow Bastion,Castle Chapel,Defeat Dragon Maleficent,Hollow Bastion Defeat Dragon Maleficent Fireglow Event,2656103,Fireglow
Hollow Bastion,Castle Chapel,Defeat Maleficent,Hollow Bastion Defeat Maleficent Donald Cheer Event,2656102,Cheer (Donald)
Hollow Bastion,Castle Chapel,Defeat Unknown,Hollow Bastion Defeat Unknown EXP Necklace Event,2656379,EXP Necklace
Hollow Bastion,Castle Gates,Chest,Hollow Bastion Castle Gates Gravity Chest,2654132,Puppies
Hollow Bastion,Castle Gates,Chest,Hollow Bastion Castle Gates Freestanding Pillar Chest,2654133,Orichalcum
Hollow Bastion,Castle Gates,Chest,Hollow Bastion Castle Gates High Pillar Chest,2654134,Gummi
Hollow Bastion,Castle Gates,Chest,Hollow Bastion Castle Gates Freestanding Pillar Chest,2654133,Orichalcum
Hollow Bastion,Dark Depths,Defeat Behemoth,Hollow Bastion Defeat Behemoth Omega Arts Event,2656105,Omega Arts
Hollow Bastion,Dungeon,Blue Trinity,Hollow Bastion Dungeon Blue Trinity,2656609,
Hollow Bastion,Dungeon,Chest,Hollow Bastion Dungeon By Candles Chest,2654373,Gummi
Hollow Bastion,Dungeon,Chest,Hollow Bastion Dungeon Corner Chest,2654374,Gummi
Hollow Bastion,Entrance Hall,Defeat Riku 1,Hollow Bastion Defeat Riku I White Trinity Event,2656101,White Trinity
Hollow Bastion,Entrance Hall,Flame,Hollow Bastion Entrance Hall Emblem Piece (Flame),2656516,Emblem Piece
Hollow Bastion,Entrance Hall,Chest,Hollow Bastion Entrance Hall Emblem Piece (Chest),2656517,Emblem Piece
Hollow Bastion,Entrance Hall,Statue,Hollow Bastion Entrance Hall Emblem Piece (Statue),2656518,Emblem Piece
Hollow Bastion,Entrance Hall,Fountain,Hollow Bastion Entrance Hall Emblem Piece (Fountain),2656519,Emblem Piece
Hollow Bastion,Entrance Hall,Chest,Hollow Bastion Entrance Hall Left of Emblem Door Chest,2654212,AP Up
Hollow Bastion,Entrance Hall,Chest,Hollow Bastion Entrance Hall Left of Emblem Door Chest,2654212,AP Up
Hollow Bastion,Grand Hall,Chest,Hollow Bastion Grand Hall Steps Right Side Chest,2654454,Dark Matter
Hollow Bastion,Grand Hall,Chest,Hollow Bastion Grand Hall Oblivion Chest,2654491,Oblivion
Hollow Bastion,Grand Hall,Chest,Hollow Bastion Grand Hall Left of Gate Chest,2654492,Puppies
Hollow Bastion,Grand Hall,Defeat Riku-Ansem,Hollow Bastion Defeat Riku II Ragnarok Event,2656104,Ragnarok
Hollow Bastion,Grand Hall,Chest,Hollow Bastion Grand Hall Oblivion Chest,2654491,Oblivion
Hollow Bastion,Grand Hall,Chest,Hollow Bastion Grand Hall Steps Right Side Chest,2654454,Dark Matter
Hollow Bastion,Great Crest,Blue Trinity,Hollow Bastion Great Crest Blue Trinity,2656608,
Hollow Bastion,Great Crest,Chest,Hollow Bastion Great Crest Lower Chest,2654171,Orichalcum
Hollow Bastion,Great Crest,Chest,Hollow Bastion Great Crest After Battle Platform Chest,2654172,Gummi
Hollow Bastion,High Tower,Chest,Hollow Bastion High Tower 2nd Gravity Chest,2654173,Gummi
Hollow Bastion,High Tower,Chest,Hollow Bastion High Tower 1st Gravity Chest,2654174,Thundara Ring
Hollow Bastion,High Tower,Chest,Hollow Bastion High Tower Above Sliding Blocks Chest,2654211,Megalixir
Hollow Bastion,High Tower,Chest,Hollow Bastion High Tower 1st Gravity Chest,2654174,Thundara Ring
Hollow Bastion,Library,Carousel Chest,Hollow Bastion Library 1st Floor Turn the Carousel Chest,2654214,Elixir
Hollow Bastion,Library,Carousel Chest,Hollow Bastion Library Top of Bookshelf Turn the Carousel Chest,2654251,AP Up
Hollow Bastion,Library,Carousel Chest,Hollow Bastion Library 2nd Floor Turn the Carousel 2nd Chest,2654253,Mega-Potion
Hollow Bastion,Library,Carousel Chest,Hollow Bastion Library 2nd Floor Turn the Carousel 1st Chest,2654252,Mythril
Hollow Bastion,Library,Speak with Aerith,Hollow Bastion Speak with Aerith Ansem's Report 2,2657017,Ansem's Report 2
Hollow Bastion,Library,Speak with Aerith,Hollow Bastion Speak with Aerith Ansem's Report 4,2657015,Ansem's Report 4
Hollow Bastion,Library,Speak with Aerith,Hollow Bastion Speak with Aerith Ansem's Report 6,2657013,Ansem's Report 6
Hollow Bastion,Library,Speak with Aerith,Hollow Bastion Speak with Aerith Ansem's Report 10,2657027,Ansem's Report 10
Hollow Bastion,Library,Speak with Aerith,Hollow Bastion Library Speak to Aerith Cure,2656523,Cure
Hollow Bastion,Library,Chest,Hollow Bastion Library Top of Bookshelf Chest,2654213,Gummi
Hollow Bastion,Library,Speak to Belle,Hollow Bastion Library Speak to Belle Divine Rose,2656522,Divine Rose
Hollow Bastion,Lift Stop,Examine Node,Hollow Bastion Lift Stop from Waterway Examine Node,2656623,
Hollow Bastion,Lift Stop,Chest,Hollow Bastion Lift Stop Library Node After High Tower Switch Gravity Chest,2654254,Ramuh Belt
Hollow Bastion,Lift Stop,Chest,Hollow Bastion Lift Stop Library Node Gravity Chest,2654291,Gummi
Hollow Bastion,Lift Stop,Chest,Hollow Bastion Lift Stop Under High Tower Sliding Blocks Chest,2654292,Royal Crown
Hollow Bastion,Lift Stop,Chest,Hollow Bastion Lift Stop Outside Library Gravity Chest,2654293,Puppies
Hollow Bastion,Lift Stop,Chest,Hollow Bastion Lift Stop Heartless Sigil Door Gravity Chest,2654294,Orichalcum
Hollow Bastion,Lift Stop,Chest,Hollow Bastion Lift Stop Library Node After High Tower Switch Gravity Chest,2654254,Ramuh Belt
Hollow Bastion,Lift Stop,Chest,Hollow Bastion Lift Stop Under High Tower Sliding Blocks Chest,2654292,Royal Crown
Hollow Bastion,Rising Falls,Chest,Hollow Bastion Rising Falls Water's Surface Chest,2654054,Gummi
Hollow Bastion,Rising Falls,Chest,Hollow Bastion Rising Falls Under Water 1st Chest,2654091,Gummi
Hollow Bastion,Rising Falls,Chest,Hollow Bastion Rising Falls Under Water 2nd Chest,2654092,Defense Up
Hollow Bastion,Rising Falls,Chest,Hollow Bastion Rising Falls Floating Platform Near Save Chest,2654093,Puppies
Hollow Bastion,Rising Falls,Chest,Hollow Bastion Rising Falls Floating Platform Near Bubble Chest,2654094,Blizzara Ring
Hollow Bastion,Rising Falls,Chest,Hollow Bastion Rising Falls High Platform Chest,2654131,Megalixir
Hollow Bastion,Rising Falls,Chest,Hollow Bastion Rising Falls White Trinity Chest,2654494,Gummi
Hollow Bastion,Rising Falls,Chest,Hollow Bastion Rising Falls Under Water 2nd Chest,2654092,Defense Up
Hollow Bastion,Rising Falls,Chest,Hollow Bastion Rising Falls Floating Platform Near Bubble Chest,2654094,Blizzara Ring
Hollow Bastion,Waterway,Chest,Hollow Bastion Waterway Near Save Chest,2654334,Fira Ring
Hollow Bastion,Waterway,Chest,Hollow Bastion Waterway Blizzard on Bubble Chest,2654371,Dark Matter
Hollow Bastion,Waterway,Chest,Hollow Bastion Waterway Unlock Passage from Base Level Chest,2654372,Gummi
Hollow Bastion,Waterway,Chest,Hollow Bastion Waterway Near Save Chest,2654334,Fira Ring
Hollow Bastion,Waterway,Chest,Hollow Bastion Waterway Blizzard on Bubble Chest,2654371,Dark Matter
Monstro,Chamber 5,Blue Trinity,Monstro Chamber 5 Blue Trinity,2656607,
Monstro,Chamber 6,Chest,Monstro Chamber 6 Other Platform Chest,2652413,Megalixir
Monstro,Chamber 6,Chest,Monstro Chamber 6 Platform Near Chamber 5 Entrance Chest,2652414,Torn Page 2
Monstro,Chamber 6,Chest,Monstro Chamber 6 Raised Area Near Chamber 1 Entrance Chest,2652451,Mythril
Monstro,Chamber 6,Chest,Monstro Chamber 6 Low Chest,2652452,Puppies
Monstro,Chamber 6,Chest,Monstro Chamber 6 White Trinity Chest,2655092,Dark Matter
Monstro,Chamber 6,Chest,Monstro Chamber 6 Raised Area Near Chamber 1 Entrance Chest,2652451,Mythril
Monstro,Chamber 6,Chest,Monstro Chamber 6 White Trinity Chest,2655092,Dark Matter
Monstro,Monstro: Chamber 2,Chest,Monstro Chamber 2 Ground Chest,2653534,Cottage
Monstro,Monstro: Chamber 2,Chest,Monstro Chamber 2 Platform Chest,2653571,Megalixir
Monstro,Monstro: Chamber 3,Chest,Monstro Chamber 3 Ground Chest,2653614,Mega-Ether
Monstro,Monstro: Chamber 3,Chest,Monstro Chamber 3 Platform Above Chamber 2 Entrance Chest,2653651,Puppies
Monstro,Monstro: Chamber 3,Chest,Monstro Chamber 3 Near Chamber 6 Entrance Chest,2653652,Gummi
Monstro,Monstro: Chamber 3,Chest,Monstro Chamber 3 Platform Near Chamber 6 Entrance Chest,2653653,Gummi
Monstro,Monstro: Chamber 5,Chest,Monstro Chamber 5 Platform Chest,2653613,Mythril
Monstro,Monstro: Chamber 5,Chest,Monstro Chamber 5 Atop Barrel Chest,2653733,Puppies
Monstro,Monstro: Chamber 5,Chest,Monstro Chamber 5 Low 2nd Chest,2653734,Mega-Ether
Monstro,Monstro: Chamber 5,Chest,Monstro Chamber 5 Low 1st Chest,2653771,Gummi
Monstro,Monstro: Mouth,Chest,Monstro Mouth Boat Deck Chest,2653454,High Jump
Monstro,Monstro: Mouth,Chest,Monstro Mouth High Platform Boat Side Chest,2653491,Cottage
Monstro,Monstro: Mouth,Chest,Monstro Mouth High Platform Across from Boat Chest,2653492,Puppies
Monstro,Monstro: Mouth,Chest,Monstro Mouth Near Ship Chest,2653493,Gummi
Monstro,Monstro: Mouth,Chest,Monstro Mouth Green Trinity Top of Boat Chest,2653494,Mythril Shard
Monstro,Monstro: Mouth,Chest,Monstro Mouth High Platform Near Teeth Chest,2653732,Watergleam
Monstro,Mouth,Blue Trinity,Monstro Mouth Blue Trinity,2656606,
Monstro,Mouth,Chest,Monstro Mouth Boat Deck Chest,2653454,High Jump
Monstro,Mouth,Chest,Monstro Mouth High Platform Near Teeth Chest,2653732,Watergleam
Monstro,Mouth,Chest,Monstro Mouth Green Trinity Top of Boat Chest,2653494,Mythril Shard
Monstro,Stomach,Defeat Parasite Cage 2,Monstro Defeat Parasite Cage I Goofy Cheer Event,2656061,Cheer (Goofy)
Monstro,Throat,Defeat Parasite Cage 2,Monstro Defeat Parasite Cage II Stop Event,2656062,Stop
Monstro,Throat,Blue Trinity,Monstro Throat Blue Trinity,2656612,
Neverland,Cabin,Chest,Neverland Cabin Chest,2653813,Protera Chain
Neverland,Captain's Cabin,Chest,Neverland Captain's Cabin Chest,2654053,Puppies
Neverland,Captain's Cabin,Defeat Anti Sora,Neverland Defeat Anti Sora Raven's Claw Event,2656091,Raven's Claw
Neverland,Clock Tower,Seal Keyhole,Neverland Seal Keyhole Navi-G Piece Event,2656112,Navi-G Piece 4
Neverland,Clock Tower,Seal Keyhole,Neverland Seal Keyhole Tinker Bell Event,2656094,Tinker Bell
Neverland,Clock Tower,Defeat Phantom,Neverland Defeat Phantom Stop Event,2656096,Stop
Neverland,Clock Tower,Open 1:00 Door,Neverland Clock Tower 01:00 Door,2656332,Orichalcum
Neverland,Clock Tower,Open 2:00 Door,Neverland Clock Tower 02:00 Door,2656333,Power Up
Neverland,Clock Tower,Open 3:00 Door,Neverland Clock Tower 03:00 Door,2656334,Mythril Shard
Neverland,Clock Tower,Open 4:00 Door,Neverland Clock Tower 04:00 Door,2656335,Power Up
Neverland,Clock Tower,Open 5:00 Door,Neverland Clock Tower 05:00 Door,2656336,AP Up
Neverland,Clock Tower,Open 6:00 Door,Neverland Clock Tower 06:00 Door,2656337,Mythril
Neverland,Clock Tower,Open 7:00 Door,Neverland Clock Tower 07:00 Door,2656338,AP Up
Neverland,Clock Tower,Open 8:00 Door,Neverland Clock Tower 08:00 Door,2656339,Defense Up
Neverland,Clock Tower,Open 9:00 Door,Neverland Clock Tower 09:00 Door,2656340,Orichalcum
Neverland,Clock Tower,Open 10:00 Door,Neverland Clock Tower 10:00 Door,2656341,Defense Up
Neverland,Clock Tower,Open 11:00 Door,Neverland Clock Tower 11:00 Door,2656342,Mythril Shard
Neverland,Clock Tower,Open 12:00 Door,Neverland Clock Tower 12:00 Door,2656343,Megalixir
Neverland,Clock Tower,Chest,Neverland Clock Tower Chest,2654014,Gummi
Neverland,Clock Tower,Seal Keyhole,Neverland Seal Keyhole Glide Event,2656095,Glide
Neverland,Clock Tower,Seal Keyhole,Neverland Seal Keyhole Fairy Harp Event,2656093,Fairy Harp
Neverland,Pirate Ship,Defeat Captain Hook,Neverland Defeat Hook Ansem's Report 9,2657028,Ansem's Report 9
Neverland,Pirate Ship,Encounter Captain Hook,Neverland Encounter Hook Cure Event,2656092,Cure
Neverland,Pirate Ship,Chest,Neverland Pirate Ship Deck White Trinity Chest,2653772,Puppies
Neverland,Pirate Ship,Chest,Neverland Pirate Ship Crows Nest Chest,2653773,Orichalcum
Neverland,Pirate Ship,Chest,Neverland Pirate Ship Crows Nest Chest,2653773,Orichalcum
Neverland,Ship Deck,Defeat Captain Hook,Neverland Defeat Captain Hook Ars Arcanum Event,2656097,Ars Arcanum
Neverland,Ship Hold,Chest,Neverland Hold Yellow Trinity Left Blue Chest,2653811,Dark Matter
Neverland,Ship: Cabin,Chest,Neverland Cabin Chest,2653813,Protera Chain
Neverland,Ship: Galley,Chest,Neverland Galley Chest,2653812,Gummi
Neverland,Ship: Hold,Chest,Neverland Hold Flight 1st Chest,2653814,Puppies
Neverland,Ship: Hold,Chest,Neverland Hold Flight 2nd Chest,2654051,Gummi
Neverland,Ship: Hold (Yellow Trinity),Chest,Neverland Hold Yellow Trinity Right Blue Chest,2653774,Orichalcum
Neverland,Ship: Hold (Yellow Trinity),Chest,Neverland Hold Yellow Trinity Left Blue Chest,2653811,Dark Matter
Neverland,Ship: Hold (Yellow Trinity),Chest,Neverland Hold Yellow Trinity Green Chest,2654052,Puppies
Neverland,Ship:Hold,Chest,Neverland Hold Aero Chest,2656344,Aero
Olympus Coliseum,Coliseum Arena,Defeat Cerberus,Olympus Coliseum Defeat Cerberus Inferno Band Event,2656033,Inferno Band
Olympus Coliseum,Coliseum Gates,Green Trinity,Olympus Coliseum Coliseum Gates Green Trinity,2656377,Mythril
Olympus Coliseum,Coliseum Gates,Complete Phil's Training,Olympus Coliseum Coliseum Gates Entry Pass Event,2656386,Entry Pass
Olympus Coliseum,Coliseum Gates,Examine Jar,Olympus Coliseum Gates Purple Jar After Defeating Hades,2656330,Orichalcum
Olympus Coliseum,Coliseum Gates,Chest,Olympus Coliseum Coliseum Gates Left Behind Columns Chest,2653332,Mega-Potion
Olympus Coliseum,Coliseum Gates,Chest,Olympus Coliseum Coliseum Gates Right Blue Trinity Chest,2653333,Puppies
Olympus Coliseum,Coliseum Gates,Chest,Olympus Coliseum Coliseum Gates Left Blue Trinity Chest,2653334,Mythril Shard
Olympus Coliseum,Coliseum Gates,Chest,Olympus Coliseum Coliseum Gates White Trinity Chest,2653371,Violetta
Olympus Coliseum,Coliseum Gates,Chest,Olympus Coliseum Coliseum Gates Blizzara Chest,2653372,Gummi
Olympus Coliseum,Coliseum Gates,Chest,Olympus Coliseum Coliseum Gates Blizzaga Chest,2653373,Shiva Belt
Olympus Coliseum,Coliseum Gates,Speak to Cloud,Olympus Coliseum Cloud Sonic Blade Event,2656032,Sonic Blade
Olympus Coliseum,Coliseum Gates,Chest,Olympus Coliseum Coliseum Gates Left Blue Trinity Chest,2653334,Mythril Shard
Olympus Coliseum,Coliseum Gates,Chest,Olympus Coliseum Coliseum Gates White Trinity Chest,2653371,Violetta
Olympus Coliseum,Coliseum Gates,Chest,Olympus Coliseum Coliseum Gates Blizzaga Chest,2653373,Shiva Belt
Olympus Coliseum,Coliseum Lobby,Complete Phil and Pegasus and Hercules Cup,Olympus Coliseum Olympia Chest,2656369,Olympia
Olympus Coliseum,Gold Match,Defeat Ice Titan,Olympus Coliseum Defeat Ice Titan Diamond Dust Event,2656329,Diamond Dust
Olympus Coliseum,Hades Cup,Defeat Behemoth,Hades Cup Defeat Behemoth Event,2659016,Blizzard
Olympus Coliseum,Hades Cup,Defeat Cerberus,Hades Cup Defeat Cerberus Event,2659015,Thunder
Olympus Coliseum,Hades Cup,Defeat Hades,Hades Cup Defeat Hades Event,2659017,Gravity
Olympus Coliseum,Hades Cup,Defeat Hades,Olympus Coliseum Defeat Hades Ansem's Report 8,2657011,Ansem's Report 8
Olympus Coliseum,Hades Cup,Defeat Leon and Cloud,Hades Cup Defeat Cloud and Leon Event,2659013,Lionheart
Olympus Coliseum,Hades Cup,Defeat Yuffie,Hades Cup Defeat Yuffie Event,2659014,Genji Shield
Olympus Coliseum,Hades Cup,Complete Cup Together,Complete Hades Cup,2659010,Trinity Limit
Olympus Coliseum,Hades Cup,Complete Solo,Complete Hades Cup Solo,2659011,Save the Queen
Olympus Coliseum,Hades Cup,Complete Time Trial,Complete Hades Cup Time Trial,2659012,Save the King
Olympus Coliseum,Hercules Cup,Defeat Cloud,Hercules Cup Defeat Cloud Event,2659018,Metal Chocobo
Olympus Coliseum,Hercules Cup,Defeat Hercules,Complete Hercules Cup,2659007,Herc's Shield
Olympus Coliseum,Hercules Cup,Complete Solo,Complete Hercules Cup Solo,2659008,Critical Plus
Olympus Coliseum,Hercules Cup,Complete Time Trial,Complete Hercules Cup Time Trial,2659009,Gravity Break
Olympus Coliseum,Lobby,Complete Phil's Training,Olympus Coliseum Clear Phil's Training Thunder Event,2656031,Thunder
Olympus Coliseum,Lobby,Defeat Cerberus,Olympus Coliseum Coliseum Gates Hero's License Event,2656380,Hero's License
Olympus Coliseum,Lobby,Complete Hercules Cup Together,Hercules Cup Yellow Trinity Event,2659019,Yellow Trinity
Olympus Coliseum,Pegasus Cup,Complete Cup Together,Complete Pegasus Cup,2659004,Strike Raid
Olympus Coliseum,Pegasus Cup,Complete Solo,Complete Pegasus Cup Solo,2659005,Orichalcum
Olympus Coliseum,Pegasus Cup,Complete Time Trial,Complete Pegasus Cup Time Trial,2659006,Dark Matter
Olympus Coliseum,Phil Cup,Complete Phil Cup Together,Complete Phil Cup,2659001,Gravity
Olympus Coliseum,Phil Cup,Complete Solo,Complete Phil Cup Solo,2659002,Combo Plus
Olympus Coliseum,Phil Cup,Complete Time Trial,Complete Phil Cup Time Trial,2659003,Tech Boost
Olympus Coliseum,Platinum Match,Defeat Sephiroth,Olympus Coliseum Defeat Sephiroth Ansem's Report 12,2657025,Ansem's Report 12
Olympus Coliseum,Platinum Match,Defeat Sephiroth,Olympus Coliseum Defeat Sephiroth One-Winged Angel Event,2656328,One-Winged Angel
Traverse Town,1st District,Examine Safe,Traverse Town 1st District Safe Postcard,2656501,Postcard
Traverse Town,1st District,Defeat Guard Armor,Traverse Town Defeat Guard Armor Fire Event,2656012,Fire
Traverse Town,1st District,Defeat Guard Armor,Traverse Town Defeat Guard Armor Blue Trinity Event,2656013,Blue Trinity
Traverse Town,1st District,Blue Trinity by Exit Door,Traverse Town 1st District Blue Trinity by Exit Door,2656600,
Traverse Town,1st District,Chest,Traverse Town 1st District Candle Puzzle Chest,2650211,Defense Up
Traverse Town,1st District,Chest,Traverse Town 1st District Accessory Shop Roof Chest,2650212,Postcard
Traverse Town,1st District,Chest,Traverse Town 1st District Blue Trinity Balcony Chest,2650411,Postcard
Traverse Town,1st District,Leon Gift,Traverse Town 1st District Leon Gift,2656520,Elixir
Traverse Town,1st District,Defeat Guard Armor,Traverse Town Defeat Guard Armor Dodge Roll Event,2656011,Dodge Roll
Traverse Town,1st District,Aerith Gift,Traverse Town 1st District Aerith Gift,2656521,Mega-Potion
Traverse Town,1st District,Chest,Traverse Town 1st District Candle Puzzle Chest,2650211,Defense Up
Traverse Town,1st District,Mail Postcard 1,Traverse Town Mail Postcard 01 Event,2656120,Cottage
Traverse Town,1st District,Mail Postcard 2,Traverse Town Mail Postcard 02 Event,2656121,Mythril Shard
Traverse Town,1st District,Mail Postcard 3,Traverse Town Mail Postcard 03 Event,2656122,Mega-Potion
Traverse Town,1st District,Mail Postcard 4,Traverse Town Mail Postcard 04 Event,2656123,Mega-Ether
Traverse Town,1st District,Mail Postcard 5,Traverse Town Mail Postcard 05 Event,2656124,Mythril
Traverse Town,1st District,Mail Postcard 6,Traverse Town Mail Postcard 06 Event,2656125,Elixir
Traverse Town,1st District,Mail Postcard 7,Traverse Town Mail Postcard 07 Event,2656126,Megalixir
Traverse Town,1st District,Mail Postcard 8,Traverse Town Mail Postcard 08 Event,2656127,Orichalcum
Traverse Town,1st District,Mail Postcard 9,Traverse Town Mail Postcard 09 Event,2656128,AP Up
Traverse Town,1st District,Mail Postcard 10,Traverse Town Mail Postcard 10 Event,2656129,Defense Up
Traverse Town,2nd District,Defeat Opposite Armor,Traverse Town Defeat Opposite Armor Aero Event,2656131,Aero
Traverse Town,2nd District,Defeat Opposite Armor,Traverse Town Defeat Opposite Armor Navi-G Piece Event,2656132,Navi-G Piece 3
Traverse Town,2nd District,Chest,Traverse Town 2nd District Boots and Shoes Awning Chest,2650213,Postcard
Traverse Town,2nd District,Chest,Traverse Town 2nd District Rooftop Chest,2650214,Mythril Shard
Traverse Town,2nd District,Chest,Traverse Town 2nd District Gizmo Shop Facade Chest,2650251,Mega-Potion
Traverse Town,3rd District,Examine Balcony Corner,Traverse Town 3rd District Balcony Postcard,2656505,Postcard
Traverse Town,3rd District,Blue Trinity,Traverse Town 3rd District Blue Trinity,2656601,
Traverse Town,3rd District,Defeat Guard Armor,Traverse Town Defeat Guard Armor Brave Warrior Event,2656016,Brave Warrior
Traverse Town,Accessory Shop,Chest,Traverse Town Accessory Shop Chest,2650332,Mythril Shard
Traverse Town,Alleyway,Chest,Traverse Town Alleyway Balcony Chest,2650252,Potion
Traverse Town,Alleyway,Chest,Traverse Town Alleyway Blue Room Awning Chest,2650253,Pretty Stone
Traverse Town,Alleyway,Chest,Traverse Town Alleyway Corner Chest,2650254,Potion
Traverse Town,Alleyway,Chest,Traverse Town Alleyway Behind Crates Chest,2650892,Puppies
Traverse Town,Dalmatian House,Return 10 Puppies,Traverse Town Piano Room Return 10 Puppies,2656314,Curaga-G
Traverse Town,Dalmatian House,Return 20 Puppies,Traverse Town Piano Room Return 20 Puppies,2656315,Firaga-G
Traverse Town,Dalmatian House,Return 30 Puppies,Traverse Town Piano Room Return 30 Puppies,2656316,Thundara-G
Traverse Town,Dalmatian House,Return 50 Puppies,Traverse Town Piano Room Return 50 Puppies Reward 1,2656318,Torn Page 5
Traverse Town,Dalmatian House,Return 80 Puppies,Traverse Town Piano Room Return 80 Puppies,2656322,Ultima-G
Traverse Town,Dalmatian House,Return 99 Puppies,Traverse Town Piano Room Return 99 Puppies Reward 1,2656326,Aero
Traverse Town,Dalmatian House,Return 99 Puppies,Traverse Town Piano Room Return 99 Puppies Reward 2,2656327,Complete Gummi Collection
Traverse Town,Dalmatian's House,Return 40 Puppies,Traverse Town Piano Room Return 40 Puppies,2656317,Mythril Shard
Traverse Town,Dalmatian's House,Return 60 Puppies,Traverse Town Piano Room Return 60 Puppies,2656320,Megalixir
Traverse Town,Dalmatian's House,Return 70 Puppies,Traverse Town Piano Room Return 70 Puppies,2656321,Orichalcum
Traverse Town,Dalmatian's House,Return 90 Puppies,Traverse Town Piano Room Return 90 Puppies,2656324,Tech Boost
Traverse Town,Dalmatian's House,Return 50 Puppies,Traverse Town Piano Room Return 50 Puppies Reward 2,2656319,Mythril
Traverse Town,Geppetto's House,Enter House,Traverse Town Geppetto's House Geppetto Reward 1,2656304,Geppetto
Traverse Town,Geppetto's House,Talk to Geppetto 1,Traverse Town Geppetto's House Geppetto Reward 2,2656308,Cactaur
Traverse Town,Geppetto's House,Talk to Geppetto 2,Traverse Town Geppetto's House Geppetto Reward 3,2656306,Yuffie
Traverse Town,Geppetto's House,Talk to Geppetto 3,Traverse Town Geppetto's House Geppetto Reward 4,2656305,Aerith
Traverse Town,Geppetto's House,Talk to Geppetto 4,Traverse Town Geppetto's House Geppetto Reward 5,2656307,Leon
Traverse Town,Geppetto's House,Talk to Geppetto with All Summons,Traverse Town Geppetto's House Geppetto Reward 5,2656309,Hyperion
Traverse Town,Geppetto's House,Talk to Pinocchio,Traverse Town Geppetto's House Geppetto All Summons Reward,2656310,Chocobo
Traverse Town,Geppetto's House,Examine Shelf,Traverse Town Geppetto's House Postcard,2656506,Postcard
Traverse Town,Geppetto's House,Chest,Traverse Town Geppetto's House Chest,2650334,Wishing Star
Traverse Town,Geppetto's House,Chest,Traverse Town Geppetto's House Chest,2650334,Wishing Star
Traverse Town,Gizmo Shop,Examine Clock,Traverse Town Gizmo Shop Postcard 1,2656502,Postcard
Traverse Town,Gizmo Shop,Examine Clock,Traverse Town Gizmo Shop Postcard 2,2656503,Postcard
Traverse Town,Green Room,Chest,Traverse Town Green Room Clock Puzzle Chest,2650292,Mythril
Traverse Town,Green Room,Chest,Traverse Town Green Room Table Chest,2650293,Elixir
Traverse Town,Green Room,Chest,Traverse Town Green Room Table Chest,2650293,Elixir
Traverse Town,Item Shop,Hit Fan,Traverse Town Item Shop Postcard,2656500,Postcard
Traverse Town,Item Workshop,Examine Poster,Traverse Town Item Workshop Postcard,2656504,Postcard
Traverse Town,Item Workshop,Chest,Traverse Town Item Workshop Right Chest,2650371,Mythril Shard
Traverse Town,Item Workshop,Chest,Traverse Town Item Workshop Left Chest,2650893,Puppies
Traverse Town,Item Workshop,Synthesize 15 Items,Traverse Town Synth 15 Items,2656400,Encounter Plus
Traverse Town,Magician's Study,Blue Trinity,Traverse Town Magician's Study Blue Trinity,2656602,
Traverse Town,Mystical House,Chest,Traverse Town Mystical House Yellow Trinity Chest,2650331,AP Up
Traverse Town,Mystical House,Chest,Traverse Town Mystical House Glide Chest,2650891,Puppies
Traverse Town,Mystical House,Obtain all Summons,,,Lord Fortune
Traverse Town,Mystical House,All Arts Items,Traverse Town Magician's Study Obtained All Arts Items,2656311,Dream Shield
Traverse Town,Mystical House,Chest,Traverse Town Mystical House Yellow Trinity Chest,2650331,AP Up
Traverse Town,Mystical House,Obtain all LV1 Magic,Traverse Town Magician's Study Obtained All LV1 Magic,2656312,Spellbinder
Traverse Town,Mystical House,Obtain all LV3 Magic,Traverse Town Magician's Study Obtained All LV3 Magic,2656313,Dream Rod
Traverse Town,Red Room,Chest,Traverse Town Red Room Chest,2650294,Pretty Stone
Traverse Town,Secret Waterway,Examine Sun Motif,Traverse Town Secret Waterway Navi Gummi Event,2656113,Navi Gummi
Traverse Town,Secret Waterway,Chest,Traverse Town Secret Waterway White Trinity Chest,2650333,Orichalcum
Traverse Town,Secret Waterway,Chest,Traverse Town Secret Waterway Near Stairs Chest,2650894,Puppies
Traverse Town,Secret Waterway,Speak to Leon,Traverse Town Leon Secret Waterway Earthshine Event,2656014,Earthshine
Traverse Town,Secret Waterway,Speak to Kairi,Traverse Town Kairi Secret Waterway Oathkeeper Event,2656015,Oathkeeper
Traverse Town,Secret Waterway,Chest,Traverse Town Secret Waterway White Trinity Chest,2650333,Orichalcum
Wonderland,Bizarre Room,Read Book,Wonderland Bizarre Room Read Book,2656376,Mythril Shard
Wonderland,Bizarre Room,Defeat Trickmaster,Wonderland Defeat Trickmaster Blizzard Event,2656041,Blizzard
Wonderland,Bizarre Room,Defeat Trickmaster,Wonderland Bizarre Room Navi-G Piece Event,2656385,Navi-G Piece 2
Wonderland,Bizarre Room,Flower Pot,Wonderland Bizarre Room Examine Flower Pot,2656613,
Wonderland,Bizarre Room,Chest,Wonderland Bizarre Room Green Trinity Chest,2650971,Mythril Shard
Wonderland,Bizarre Room,Chest,Wonderland Bizarre Room Lamp Chest,2651091,Defense Up
Wonderland,Bizarre Room,Defeat Trickmaster,Wonderland Defeat Trickmaster Ifrit's Horn Event,2656042,Ifrit's Horn
Wonderland,Bizarre Room,Chest,Wonderland Bizarre Room Green Trinity Chest,2650971,Mythril Shard
Wonderland,Lotus Forest,Blue Trinity in Alcove,Wonderland Lotus Forest Blue Trinity in Alcove,2656603,
Wonderland,Lotus Forest,Blue Trinity by Moving Boulder,Wonderland Lotus Forest Blue Trinity by Moving Boulder,2656604,
Wonderland,Lotus Forest,Both Yellow Flowers in Middle Clearing and Through Painting,Wonderland Yellow Flowers in Middle Clearing and Through Painting,2656615,
Wonderland,Lotus Forest,Both Red Flowers on the Main Path,Wonderland Lotus Forest Red Flowers on the Main Path,2656614,
Wonderland,Lotus Forest,Red Flower Raise Lily Pads,Wonderland Lotus Forest Red Flower Raise Lily Pad,2656617,
Wonderland,Lotus Forest,Yellow Flower through Painting (Elixir),Wonderland Lotus Forest Yellow Elixir Flower Through Painting,2656616,
Wonderland,Lotus Forest,Chest,Wonderland Lotus Forest Thunder Plant Chest,2651014,Gummi
Wonderland,Lotus Forest,Chest,Wonderland Lotus Forest Through the Painting Thunder Plant Chest,2651051,Puppies
Wonderland,Lotus Forest,Chest,Wonderland Lotus Forest Glide Chest,2651052,Orichalcum
Wonderland,Lotus Forest,Chest,Wonderland Lotus Forest Nut Chest,2651053,Puppies
Wonderland,Lotus Forest,Chest,Wonderland Lotus Forest Corner Chest,2651054,Gummi
Wonderland,Lotus Forest,Chest,Wonderland Lotus Forest Through the Painting White Trinity Chest,2651133,Lady Luck
Wonderland,Lotus Forest,Chest,Wonderland Lotus Forest Glide Chest,2651052,Orichalcum
Wonderland,Lotus Forest,Chest,Wonderland Lotus Forest Through the Painting White Trinity Chest,2651133,Lady Luck
Wonderland,Queen's Castle,Chest,Wonderland Queen's Castle Hedge Left Red Chest,2651011,Gummi
Wonderland,Queen's Castle,Chest,Wonderland Queen's Castle Hedge Right Blue Chest,2651012,Puppies
Wonderland,Queen's Castle,Chest,Wonderland Queen's Castle Hedge Right Red Chest,2651013,Gummi
Wonderland,Rabbit Hole,Chest,Wonderland Rabbit Hole Green Trinity Chest,2650931,Elixir
Wonderland,Rabbit Hole,Chest,Wonderland Rabbit Hole Defeat Heartless 1 Chest,2650932,Camping Set
Wonderland,Rabbit Hole,Chest,Wonderland Rabbit Hole Defeat Heartless 2 Chest,2650933,Mega-Potion
Wonderland,Rabbit Hole,Chest,Wonderland Rabbit Hole Defeat Heartless 3 Chest,2650934,Megalixir
Wonderland,Rabbit Hole,Chest,Wonderland Rabbit Hole Defeat Heartless 1 Chest,2650932,Camping Set
Wonderland,Rabbit Hole,Chest,Wonderland Rabbit Hole Defeat Heartless 2 Chest,2650933,Mega-Potion
Wonderland,Rabbit Hole,Chest,Wonderland Rabbit Hole Defeat Heartless 3 Chest,2650934,Megalixir
Wonderland,Rabbit Hole,Chest,Wonderland Rabbit Hole Green Trinity Chest,2650931,Elixir
Wonderland,Tea Party Garden,Left Cushioned Chair,Wonderland Tea Party Garden Left Cushioned Chair,2656618,
Wonderland,Tea Party Garden,Left Pink Chair,Wonderland Tea Party Garden Left Pink Chair,2656619,
Wonderland,Tea Party Garden,Right Yellow Chair,Wonderland Tea Party Garden Right Yellow Chair,2656620,
Wonderland,Tea Party Garden,Left Gray Chair,Wonderland Tea Party Garden Left Gray Chair,2656621,
Wonderland,Tea Party Garden,Right Brown Chair,Wonderland Tea Party Garden Right Brown Chair,2656622,
Wonderland,Tea Party Garden,Chest,Wonderland Tea Party Garden Above Lotus Forest Entrance 2nd Chest,2651093,Gummi
Wonderland,Tea Party Garden,Chest,Wonderland Tea Party Garden Above Lotus Forest Entrance 1st Chest,2651094,Puppies
Wonderland,Tea Party Garden,Chest,Wonderland Tea Party Garden Bear and Clock Puzzle Chest,2651131,Dark Matter
Wonderland,Tea Party Garden,Chest,Wonderland Tea Party Garden Across From Bizarre Room Entrance Chest,2651132,Mythril
Wonderland,Tea Party Garden,Chest,Wonderland Tea Party Garden Across From Bizarre Room Entrance Chest,2651132,Mythril
Wonderland,Tea Party Garden,Chest,Wonderland Tea Party Garden Bear and Clock Puzzle Chest,2651131,Dark Matter